time,Estonia,Switzerland,Russia,Denmark,Austria,Australia,Spain,Ukraine,Cyprus,Portugal,San Marino,Estonia,Serbia,Netherlands,Moldova,Romania,Belgium,Albania,Slovenia,Ireland,Germany,Finland,Norway,Czech Republic,Croatia,France,Lithuania,Israel,UK,North Macedonia,Poland,Latvia,Iceland,Sweden,Bulgaria,Greece,Azerbaijan,Malta,Georgia,Italy
11/03/2021 06:51:11,55297,249793,786200,83309,157495,162502,103168,451445,261900,143707,479543,153922,2573337,301411,739438,588721,457485,325735,591900,491809,836026,640728,921748,373478,1844455,471425,942288,818990,0,0,0,0,0,0,0,0,0,0,0,0
11/03/2021 12:17:42,63351,290527,1011618,88072,169430,172919,108719,503415,273608,147228,492518,156246,2629181,305124,748235,600344,461429,328814,596213,494996,841626,651684,926958,375606,1853632,475514,947916,822868,46640,0,0,0,0,0,0,0,0,0,0,0
11/03/2021 18:17:28,75407,344538,1289732,96326,182454,189432,119583,570653,296358,154680,517711,160418,2741516,311734,763549,618198,467615,334886,609085,503147,851853,670220,937213,380106,1868201,483670,959122,830052,160629,21984,0,0,0,0,0,0,0,0,0,0
12/03/2021 00:31:33,89818,412486,1623692,107358,202773,212188,134959,665831,327174,165396,548174,166046,2891561,322438,787934,643539,480006,343537,621847,513944,867038,700412,951890,386774,1885755,495421,974970,840741,274088,103149,0,0,0,0,0,0,0,0,0,0
12/03/2021 06:15:50,92583,428019,1679419,109713,206483,217379,138403,680679,334074,168509,554966,167235,2918131,324664,791202,648570,482328,345509,624239,516655,869852,705707,955048,388223,1889300,497967,978063,843030,299628,120788,0,0,0,0,0,0,0,0,0,0
12/03/2021 12:17:44,96995,455594,1875506,113386,212196,225521,143150,720140,344918,171587,565797,169284,2975397,328035,799933,657591,486185,348224,628025,520017,874779,719897,960297,390291,1895238,501878,983400,846631,331098,161289,0,0,0,0,0,0,0,0,0,0
12/03/2021 18:17:23,104634,496118,2079802,119950,221941,239022,152037,780123,365367,177603,583281,172969,3079755,334306,811829,672862,492380,353536,651760,526057,883934,740200,969157,394721,1905753,509425,993320,853566,361100,211691,243113,0,0,0,0,0,0,0,0,0
13/03/2021 00:31:31,115937,550802,2308806,130651,236718,259866,166669,882937,396260,187988,610736,179239,3224650,345501,833195,696232,504492,362305,673066,536009,900061,772849,984248,401910,1922939,521830,1011265,865065,407102,264686,417378,0,0,0,0,0,0,0,0,0
13/03/2021 06:14:49,118680,564958,2357415,133552,240181,265574,170433,903672,404181,191197,618574,180833,3255723,348355,838294,702132,507763,364699,675688,538938,903749,780036,988406,403842,1927372,524877,1015651,868003,419976,275900,444410,0,0,0,0,0,0,0,0,0
13/03/2021 12:17:50,122269,584251,2502870,136807,244450,272865,174668,944380,414272,193932,627588,182629,3304333,351635,844835,710293,511371,367181,679012,541800,908580,795905,993125,405783,1932993,528647,1022739,871700,433001,291960,480712,182171,0,0,0,0,0,0,0,0
13/03/2021 20:33:13,131417,634198,2738657,146091,255146,291564,186651,1020466,443031,202454,653667,187789,3470109,361722,863336,732957,521923,374959,687906,550875,922565,830641,1006790,412137,1948915,540046,1041208,882603,463603,9786,543922,252604,0,0,0,0,0,0,0,0
14/03/2021 00:33:13,137147,666357,2847061,153218,262458,303964,195123,1066652,461031,208959,670372,191425,3553488,368529,874792,746569,529139,380243,694290,557248,933716,851719,1018461,416594,1959192,547862,1053943,890006,484073,35836,581754,285986,0,0,0,0,0,0,0,0
14/03/2021 06:15:06,140090,682265,2885483,156727,266319,310595,200242,1081071,470337,212684,679112,193456,3583388,371849,880020,753380,533042,383128,697463,560838,938748,859714,1024283,419150,1963963,551832,1059779,893870,494881,46534,596623,298912,0,0,0,0,0,0,0,0
14/03/2021 12:17:46,143397,705048,3004572,160381,270489,318287,205697,1113416,481179,215547,688656,195257,3627993,375051,887422,761336,536721,385733,700883,564391,944484,875013,1030525,421868,1970138,556914,1068728,898355,505471,57826,619668,319482,206706,105529,0,0,0,0,0,0
14/03/2021 18:14:21,149483,743852,3152154,167096,278436,331527,214477,1164713,503665,221812,707387,199029,3731492,382171,901244,777731,544541,391472,708099,570978,954855,897367,1040968,426590,1981631,565642,1082400,906631,522891,78007,653465,349607,280067,209866,0,0,0,0,0,0
15/03/2021 00:31:45,155473,784825,3286326,173994,286738,344952,223673,1218578,525997,228503,726412,203159,3842026,389992,915415,795668,553236,397738,716327,578262,965872,920036,1052098,431814,1995707,574894,1096844,915210,541577,98577,687443,378162,344979,294958,0,0,0,0,0,0
15/03/2021 06:14:53,156757,791972,3304923,175589,287612,347906,225751,1219005,531435,230290,731041,204025,3861816,391472,918246,799528,555208,399274,718015,580150,968055,924479,1054720,433094,1998680,576987,1099852,917168,545995,103066,693558,383551,359620,309506,40381,0,0,0,0,0
15/03/2021 12:18:11,158337,808750,3380738,177835,289152,352566,228084,1235427,540197,231991,738175,205450,3902732,393733,923528,806477,557774,401429,735322,582541,971996,934799,1058999,435046,2003636,580416,1105763,920357,552040,110648,707091,397171,382865,337427,57155,0,0,0,0,0
15/03/2021 18:14:18,162096,837329,3480669,182118,294233,361899,233424,1270904,557245,235801,752044,207870,3988527,398327,933191,819523,563086,406328,754041,587341,978953,950644,1066393,438697,2012217,586931,1115433,926228,563258,122514,726775,418811,412239,380316,77180,65685,260967,81828,36896,0
16/03/2021 00:31:11,168020,880216,3611238,189164,301786,375987,242192,1321566,581081,242364,773095,211558,4094485,405606,947674,838878,572075,413812,761813,595059,990105,972970,1077367,444318,2024564,596885,1129533,935543,580610,142426,752867,442933,456836,434813,98524,103805,412297,238963,92067,0
16/03/2021 06:15:16,169668,890960,3627942,191206,303819,380948,244735,1326041,586910,244625,778966,212576,4118695,407585,951387,844047,574531,416107,761718,597443,992753,977824,1080596,445989,2027870,599516,1133087,938009,585543,148104,759580,448660,469222,446227,103897,113980,445746,273011,101488,0
16/03/2021 12:18:09,171284,906850,3692619,193203,305909,385708,247075,1343834,594689,246143,785582,213529,4154304,409559,955975,850483,577092,418223,763922,599484,995659,985933,1084058,447507,2031475,602887,1137506,940762,590165,154424,767587,460501,481551,462131,109136,124110,506645,318769,114214,0
16/03/2021 18:16:09,173460,925293,3744936,195963,308927,391861,250545,1359370,605746,248619,795154,215054,4215562,412644,963148,859435,580823,421241,763982,602694,1000214,996184,1089057,449833,2037069,607765,1143601,944704,596004,160922,778681,472779,496523,480339,115757,134426,551951,361819,126492,0
17/03/2021 00:31:51,179235,985246,3866389,202621,316585,406200,260369,1407655,630242,255029,816140,218471,4331246,420033,978448,880363,590050,428495,794459,610510,1012591,1021701,1100842,456097,2050592,618680,1157763,953937,611490,175798,803825,496645,534006,526974,130302,158541,656748,444196,152594,82420
17/03/2021 06:18:26,180686,997773,3889054,204253,318204,410205,262835,1416787,636093,256962,821322,219379,4352940,421737,981952,885095,592236,430333,796573,612651,1015144,1026694,1103708,457520,2053675,621150,1160886,956163,615244,179986,809009,500815,542447,534879,133597,164241,676701,460791,157509,89276
17/03/2021 12:17:42,182164,1013299,3942642,206054,319912,414245,265091,1432122,643182,258454,827005,220279,4384875,423539,986176,891829,594561,432201,798612,614655,1018085,1035028,1107130,458984,2057022,624251,1164752,958834,618992,184524,818318,508303,551974,547338,137076,171476,715212,483745,167179,112108
17/03/2021 18:16:01,184895,1036993,3998182,209407,323184,421186,269614,1455069,656763,261447,837489,222101,4451990,427134,993655,903518,598928,435754,815309,618614,1023711,1047151,1113823,461680,2063050,629733,1171389,963610,625637,191648,821645,518649,566513,568049,143325,181305,762863,519023,179719,148773
18/03/2021 00:31:37,189248,1082115,4106840,215244,328476,432389,277084,1493194,676383,266491,853395,223993,4539177,432585,1005894,921477,605977,441406,830601,624847,1033700,1068188,1124456,466206,2072580,638367,1182736,971347,636957,202351,840528,535931,592143,602367,153374,199768,828681,574570,193882,194089
18/03/2021 06:15:11,190369,1091273,4121770,216868,329778,435681,279099,1496561,681077,268050,857477,224356,4556470,433975,1008373,925158,607806,442875,831798,626686,1035615,1071822,1126878,467375,2074691,640297,1184237,973152,639942,205123,841712,538777,598163,608616,155870,204585,842532,588973,196885,203869
18/03/2021 12:18:26,191592,1106012,4178635,218503,331388,439461,280969,1511603,688306,269304,862849,224835,4585013,435459,1012527,931253,610024,444525,842308,628455,1038427,1079943,1130264,468578,2077434,643115,1187884,975466,643340,208362,847513,545786,606096,620106,158967,211087,878427,618029,203396,217601
18/03/2021 18:16:50,194414,1133343,4325132,221664,334841,446093,285089,1537171,701472,271916,873353,225743,4650956,438908,1020423,942756,614591,447954,863634,632153,1043775,1092658,1136231,471259,2082789,648345,1194788,980092,649656,213522,857507,556426,619518,639064,164451,223074,925983,665139,213490,242579
19/03/2021 00:32:05,197931,1173641,4431782,226331,339075,454687,291505,1569423,718209,276113,886362,226946,4726312,443594,1031101,957031,620324,452568,869415,637161,1051479,1108936,1144233,474826,2090566,655223,1204104,986195,658434,220613,870260,568815,638615,667068,171681,238216,984852,711527,225130,273245
19/03/2021 06:15:49,199195,1184948,4458117,227904,340516,458031,293750,1577779,723853,277994,891009,227360,4746072,445006,1034723,961459,622462,454175,871544,639097,1053836,1113121,1146996,476107,2093118,657369,1207085,988352,661468,223105,873948,572177,644622,673347,174054,243169,1000320,726487,228216,283099
19/03/2021 12:18:18,200345,1194952,4520950,229381,341815,461553,295557,1585875,730371,279168,896275,227844,4772333,446506,1039186,967197,624462,455735,873971,640978,1055906,1119683,1149997,477353,2095927,659987,1210803,990785,663889,222483,877237,577320,651335,684091,176461,248899,1039579,753599,233659,293855
19/03/2021 18:17:34,202709,1220457,4607630,232438,344868,468053,299898,1609253,743783,281991,908460,228703,4842670,450120,1047964,978905,629105,459047,894962,644876,1061742,1132427,1155869,480150,2101890,665651,1217883,996440,669575,227275,887661,586674,662130,705967,181101,261314,1092389,800176,240643,314304
20/03/2021 00:31:45,206502,1255783,4711870,237225,349698,476857,306699,1642165,761199,286718,923242,230050,4917398,455274,1059450,993557,635463,463984,906913,650371,1070640,1150108,1164776,484287,2109318,673592,1228315,1003725,678282,234120,901199,599332,681302,737323,188437,276606,1158828,847087,252075,341161
20/03/2021 06:15:05,207898,1263708,4732790,238975,351156,480342,309080,1648528,766125,288624,927795,230538,4934692,456899,1063030,998198,637635,465546,908851,652531,1073290,1155149,1167944,485817,2111646,676117,1231431,1006102,681600,235465,904580,602916,687445,744387,190745,281569,1155865,859481,252744,349273
20/03/2021 12:18:41,209207,1275544,4797428,240577,352637,483726,310973,1662210,772217,290014,933311,230967,4960429,458493,1067435,1004043,639570,466984,911843,654317,1076812,1163544,1170962,487103,2114222,678925,1235209,1008455,684459,238018,909687,608592,693991,759442,193391,287164,1191352,883232,257938,359738
20/03/2021 18:17:24,212371,1299246,4872148,244095,356556,490960,316045,1682666,787184,293356,944825,231924,5032426,462743,1076115,1016461,644366,470551,938530,658567,1083070,1177588,1177529,490262,2121102,685082,1242171,1014237,691304,243377,917809,618168,708342,783991,199003,301002,1241362,936915,265544,379169
21/03/2021 00:33:53,216260,1325436,4950306,248926,361005,499809,322601,1712594,803848,298039,957285,233196,5104688,467921,1086923,1030505,650303,475065,950646,663891,1091592,1193957,1185819,494412,2129097,692858,1251799,1021293,699594,248553,929189,629897,724596,810756,205490,316201,1289000,977923,277684,401741
21/03/2021 06:14:51,217498,1334878,4968363,250446,362416,502828,324746,1720080,809074,299692,961326,233580,5122772,469594,1090320,1034733,652439,476654,953067,665796,1094164,1198274,1188698,495810,2131457,695200,1254587,1023515,702467,250656,932476,632864,730042,816842,207588,320841,1300573,990357,284892,408283
21/03/2021 12:17:40,218541,1340526,5013708,251704,363568,505604,326368,1731451,814377,300752,965032,233962,5141002,470855,1094011,1039286,653955,477924,963075,667124,1095867,1204650,1190931,496885,2133787,697476,1257746,1025563,704662,251655,936243,637315,735039,827174,209560,325796,1326369,1011775,308527,416004
21/03/2021 18:17:59,221136,1361862,5075784,254556,366726,511487,330695,1754564,827383,303567,975139,234712,5202821,474427,1101406,1049386,658089,481164,986663,670823,1101181,1216385,1196382,499542,2139553,702633,1264213,1030707,710079,255478,944439,646052,746017,845617,214041,336627,1369925,1072482,335189,431861
22/03/2021 00:32:52,224250,1392592,5136647,258210,370116,518646,336861,1780429,842614,307092,986289,235709,5268483,478174,1110182,1061046,662493,484865,1006588,674957,1107224,1228391,1202779,502770,2146542,708791,1271697,1036372,716350,258813,954562,655129,758433,865049,219208,349514,1414479,1107448,354086,450313
22/03/2021 06:15:22,225115,1402223,5148270,259213,371040,520927,338822,1785805,846367,308273,989385,235966,5281791,479160,1112346,1064022,664035,485981,1009600,676175,1108688,1231265,1204751,503752,2148273,710180,1273409,1037760,718298,259280,957012,657070,761951,868650,220853,352869,1423045,1116887,358161,455509
22/03/2021 12:18:31,225883,1411195,5182381,260241,371918,523769,340369,1796447,851534,309116,994113,236314,5304063,480252,1115025,1068380,665679,486928,1026203,677283,1110290,1236346,1207025,504728,2150699,711873,1275961,1039646,720144,258752,960331,660807,766221,875193,222473,356943,1448316,1136926,368450,461611
22/03/2021 18:19:28,227564,1434525,5228775,262316,374464,528912,343937,1815551,861880,311222,1003423,236874,5356910,482735,1120426,1077367,668892,489092,1053370,679992,1113844,1245475,1211483,506755,2155675,716358,1281051,1043311,724121,261296,966153,666833,775019,887656,225696,365032,1484581,1193277,378337,475259
23/03/2021 00:31:53,230339,1465307,5288502,265679,377904,535981,349343,1841807,876390,314612,1015503,237780,5421013,486511,1128625,1089008,673889,492518,1073645,684074,1119520,1258463,1218009,509866,2162305,722992,1288406,1048595,730287,265379,974714,674886,787991,906867,230459,376202,1530858,1233212,388653,494125
23/03/2021 06:15:24,231129,1472601,5300847,266678,378834,538411,350986,1847670,880307,315798,1018928,238049,5434202,487555,1130881,1091938,675333,493680,1075479,685372,1120960,1261227,1219868,510794,2163833,724784,1290344,1050174,732076,266625,976898,676764,791420,910632,231926,379374,1540604,1242984,390854,499102
23/03/2021 12:18:54,231952,1480187,5330584,267677,379652,540917,352362,1857328,884975,316612,1022680,238361,5454969,488579,1133411,1095688,676693,494702,1078598,686452,1122474,1265947,1221955,511636,2165611,726716,1292714,1051799,733700,267451,979556,679725,795585,917062,233335,383049,1565229,1267311,393516,505102
23/03/2021 18:17:46,233628,1495004,5375195,269698,381875,546266,355435,1875155,894612,318412,1031201,238914,5506427,491189,1138516,1103022,679538,496952,1105680,688948,1125936,1274327,1226171,513610,2169448,731262,1297332,1055245,737343,269136,984777,687045,803664,928582,236558,390570,1601220,1327923,396169,516607
24/03/2021 00:32:49,236131,1519753,5436622,272705,384901,553021,360260,1899718,908182,321246,1042525,239663,5565236,494831,1146509,1113474,684017,500113,1121941,692710,1131322,1286089,1232236,516401,2174631,738308,1304149,1060234,742513,273746,992210,697180,815764,946092,240920,400139,1646206,1371955,401692,533106
24/03/2021 06:06:24,236909,1523972,5445011,273677,385714,555145,361657,1904704,911793,322287,1045625,239916,5577393,496188,1148453,1116197,685345,501161,1124191,693859,1132758,1288456,1234087,517289,2175977,740106,1305798,1061618,744173,275078,994090,699090,819126,949217,242089,402826,1653917,1382857,402986,537416
24/03/2021 12:07:22,237694,1532094,5480235,274659,386562,557584,362975,1914671,916783,323044,1049741,240219,5597018,497248,1151085,1120030,686736,502148,1129968,695143,1134317,1293148,1236178,518169,2177734,742451,1308248,1063437,746864,276451,996584,703344,823281,955279,243499,406429,1677772,1407766,405459,542922
24/03/2021 18:11:27,239389,1542334,5519912,276695,388420,561951,365971,1930948,926412,324756,1057545,240760,5642953,499833,1156065,1127121,689426,504307,1141595,697672,1137608,1300870,1240574,520096,2181407,746771,1312743,1066888,750692,279146,1001207,709220,831951,965811,246247,414315,1709860,1462814,409135,555000
25/03/2021 00:15:26,241750,1563292,5572024,279472,391078,568088,370336,1951800,938664,327287,1067323,241528,5693350,503062,1162795,1136403,693327,507320,1154867,701119,1142516,1310978,1246033,522670,2185070,752309,1318968,1071595,756014,282830,1008098,716462,843053,981805,250357,423226,1749741,1499576,413617,570458
25/03/2021 06:06:36,242477,1568904,5584672,280434,391943,570066,371704,1956695,942231,328371,1070421,241725,5706501,504103,1164841,1138987,694562,508316,1160618,702274,1143970,1313617,1247769,523560,2186371,753886,1320654,1073073,757722,283951,1010062,718089,846396,984935,251660,425990,1757687,1508601,414684,574727
25/03/2021 12:06:41,243245,1575036,5615595,281364,392745,572550,372966,1965483,946970,329104,1074192,241981,5726329,505107,1167268,1142603,695846,509386,1171025,703412,1145707,1317952,1249816,524554,2188032,755780,1323130,1074832,759484,285044,1012314,721362,850760,990821,253003,429251,1780942,1533458,416431,580367
25/03/2021 18:15:18,244863,1588374,5660390,283367,394489,577183,375857,1981427,956866,330856,1081896,242451,5773551,507512,1172270,1149985,698655,511585,1176111,705967,1149161,1325655,1253965,526457,2191332,759740,1327723,1078636,763131,287367,1016882,727014,858704,1001229,255687,436338,1814917,1585530,419548,591192
26/03/2021 00:14:16,247062,1602791,5707668,285966,396795,582853,379941,2001061,968416,333259,1091377,243126,5821164,510325,1178467,1158463,702168,514423,1184053,709096,1153792,1335003,1259330,528876,2196503,764227,1333687,1083561,767797,290541,1023056,733824,869380,1017188,259200,445063,1852358,1614479,423387,604727
26/03/2021 06:06:36,247892,1607381,5718846,286960,397695,585020,381537,2006396,972320,334357,1094637,243343,5833468,511325,1180521,1161450,703522,515510,1186585,710296,1155169,1337566,1261228,529788,2198168,765797,1335596,1085139,769601,291710,1025053,735738,873059,1020693,260584,448064,1860967,1624182,424636,609051
26/03/2021 12:06:29,248628,1611708,5746473,287862,398461,587418,382847,2015241,977140,334999,1098322,243577,5852176,512297,1182796,1164857,704733,516499,1189566,711395,1156651,1341569,1263296,530647,2200453,767538,1337998,1087996,771151,293052,1027352,738619,877290,1026783,261844,451604,1883384,1642746,426064,614483
26/03/2021 18:14:39,250353,1624118,5786412,289952,400340,592149,385967,2031156,987549,336885,1107527,244065,5897955,514698,1187812,1172313,707643,518701,1194062,714061,1159986,1349258,1267590,532639,2204202,771697,1342757,1096091,774735,295876,1032341,743740,885862,1038616,265054,459218,1917877,1696751,429249,625831
27/03/2021 00:12:50,253081,1641903,5837187,293281,403332,598649,390648,2052786,1000611,339987,1118966,244817,5948786,518283,1195496,1182654,712195,522121,1203287,718098,1165767,1360267,1274077,535680,2209080,777693,1349962,1101641,780874,299854,1040028,751266,898402,1057226,269593,469200,1958316,1728810,433854,640816
27/03/2021 06:06:15,254225,1648607,5851262,294754,404601,601405,392684,2059515,1005598,341435,1123141,245087,5962938,519745,1198375,1186450,714289,523488,1205701,720079,1167951,1363863,1276732,536990,2210727,780077,1352597,1103557,783729,301469,1042757,753588,903216,1061964,271409,472858,1968565,1738584,435421,646035
27/03/2021 12:06:06,255143,1654851,5882558,295922,405695,603906,394174,2069457,1010620,342308,1127021,245399,5981826,520753,1201179,1190222,716090,524626,1209097,721473,1170264,1368566,1279232,537987,2212701,782277,1355502,1105391,786130,302913,1045495,756313,907721,1070864,273045,476505,1991285,1764296,437240,651649
27/03/2021 18:14:33,257383,1667992,5925909,298722,408334,609712,398118,2087165,1022766,344883,1136676,245981,6030211,523387,1207224,1198689,719709,527348,1215251,724875,1175079,1377581,1284975,540459,2216610,787270,1361213,1109231,790886,305971,1052115,761610,917935,1085989,276710,485201,2029579,1825828,441020,663996
28/03/2021 00:13:35,260027,1683246,5969321,301897,411305,615749,402357,2107422,1034952,347749,1145873,246627,6073856,526609,1213985,1207442,724131,530441,1224081,728821,1180660,1387510,1290889,543326,2220761,792655,1367911,1112383,796260,309402,1059311,767514,929000,1100934,280658,493964,2066324,1852678,444895,677085
28/03/2021 06:07:04,261114,1687635,5976124,303288,412454,618323,404193,2112558,1039464,349105,1149504,246921,6085700,527856,1216420,1210604,725855,531725,1223502,730422,1182751,1390616,1293407,544530,2222140,794825,1370313,1113625,798461,310346,1061821,769502,933300,1105177,282271,497193,2074403,1863699,446263,681658
28/03/2021 12:06:26,261958,1689864,6002161,304315,413345,620537,405502,2121192,1043912,349891,1152269,247154,6100339,528777,1218614,1213692,727259,532696,1227100,731603,1184628,1394234,1295404,545386,2223539,796691,1372470,1114768,800262,311442,1064255,771734,937145,1112088,283584,500379,2095281,1885530,447660,686325
28/03/2021 18:14:52,263823,1702103,6037648,306564,415334,625405,408586,2137549,1054305,351911,1160096,247641,6139972,531125,1223862,1220856,730510,534968,1232086,734433,1188472,1402008,1299863,547474,2226717,800744,1377142,1117663,804192,313668,1069988,776434,945111,1124208,286464,507355,2127426,1938424,450345,696558
29/03/2021 00:15:16,265822,1716450,6071429,308964,417535,630394,412236,2155098,1064895,354176,1168172,248228,6178880,533521,1229614,1228530,734177,537587,1237291,737469,1192719,1410059,1304529,549739,2229934,807885,1382402,1121312,808329,316165,1075969,781164,954089,1135252,289546,514446,2159113,1964751,453202,707770
29/03/2021 06:07:16,266381,1719415,6076448,309589,418102,631847,413268,2158480,1067850,354868,1170316,248367,6185805,534163,1231083,1230419,735114,538328,1229548,738320,1193625,1411742,1305758,550364,2230708,810252,1383693,1122108,809442,316730,1077380,782244,956493,1137153,290378,516368,2165277,1971711,453636,710417
29/03/2021 12:06:31,267089,1724634,6096275,310448,418813,634070,414410,2167391,1073431,355545,1173976,248603,6204729,534946,1233547,1233984,736578,539280,1230649,739506,1195359,1415339,1307810,551165,2232115,812957,1386048,1123681,810877,317570,1079736,784599,960183,1142863,291551,519511,2185053,1996027,454721,715192
29/03/2021 18:13:49,268528,1732883,6120524,312200,420276,638071,416944,2180543,1083192,357041,1181210,249022,6241697,536565,1237638,1240288,739229,541014,1220062,741786,1198143,1421488,1311561,552721,2234729,818229,1389878,1126079,813797,318910,1084320,789457,967548,1151867,293729,524891,2210011,2048766,456536,724641
30/03/2021 00:13:03,270349,1745129,6152544,314403,422171,642907,420318,2196822,1094063,359035,1189729,249548,6279049,538699,1242970,1247677,742676,543301,1222701,744688,1201896,1429438,1316236,554792,2237487,825742,1394694,1128967,817759,321018,1090050,795089,976095,1162008,296543,531485,2239718,2074508,458817,735101
30/03/2021 06:05:50,270888,1747793,6159142,315101,422785,644388,421289,2200112,1096892,359736,1192018,249684,6285497,539312,1244430,1249476,743640,544002,1220418,745587,1202886,1431187,1317602,555451,2238191,827228,1395892,1129705,818879,321497,1091528,796221,978609,1163864,297379,533223,2245426,2081334,459454,737749
30/03/2021 12:06:41,271532,1751733,6178872,315976,423499,646647,422411,2207313,1101849,360373,1195694,249924,6303831,540137,1246813,1252909,745079,544934,1217086,746688,1204323,1434604,1319640,556285,2239511,829470,1398033,1131011,820296,321991,1093885,799287,982599,1167594,298411,536077,2264426,2104101,460408,742017
30/03/2021 18:15:43,273146,1762195,6209328,318114,425319,651297,425146,2221004,1111686,362059,1203439,250379,6340718,541907,1251390,1259738,747977,547083,1219622,749294,1207228,1441291,1323694,558128,2242430,834185,1403280,1133318,823312,323898,1098487,804332,989718,1174655,301390,541945,2291975,2155595,462788,751084
31/03/2021 00:10:46,275118,1775245,6242703,320561,427746,656430,428540,2236762,1123074,364115,1212202,250952,6375804,544237,1256934,1269490,751747,549688,1222657,752387,1210914,1450162,1328631,560546,2245440,840149,1410071,1135796,827084,326186,1103719,810438,998384,1183489,306345,548598,2322073,2182145,465369,762038
31/03/2021 06:06:03,275793,1778390,6249162,321443,428491,658349,429695,2240457,1126369,364954,1214785,251134,6382886,545015,1258663,1271901,752959,550630,1223043,753386,1211981,1452309,1330190,561342,2246203,841659,1411686,1136434,828273,326904,1105196,811611,1001034,1185686,307455,550628,2328746,2194556,466177,765058
31/03/2021 12:06:40,276619,1783853,6268982,322470,429381,660796,430975,2248643,1132128,365686,1218933,251412,6401041,545935,1261145,1276071,754566,551808,1239737,754725,1213509,1456646,1332324,562322,2247682,844327,1414587,1137584,829922,327925,1107471,814491,1004733,1189697,309432,553973,2347407,2219464,467420,769902
31/03/2021 18:15:19,278168,1792663,6365253,324429,430939,665099,433560,2262417,1142187,367243,1226300,251893,6436555,547683,1265545,1283131,757343,554136,1258786,757181,1216418,1463529,1336268,564131,2250094,849569,1419375,1139482,832757,329700,1111496,819093,1011098,1196915,312836,559887,2373117,2264410,469520,778324
01/04/2021 00:13:39,280003,1804230,6436886,326765,432790,669935,436871,2278087,1153126,369245,1234783,252434,6472349,549959,1270841,1291144,760731,556615,1263742,760085,1220198,1471419,1340965,566367,2253131,857895,1425007,1141553,836374,331878,1115926,823916,1018744,1205225,316275,566426,2400485,2291629,471788,788344
01/04/2021 06:05:47,280656,1807506,6453852,327651,433490,671690,438085,2282064,1156477,370138,1237711,252630,6480384,550697,1272429,1293611,761836,557571,1264090,761122,1221311,1473594,1342578,567168,2254126,860328,1426398,1142221,837519,332637,1117334,825170,1021343,1207455,317370,568536,2407100,2300516,472583,791377
01/04/2021 12:07:15,281518,1812705,6497442,328732,434556,674175,439481,2290263,1162227,370874,1242451,252916,6500789,551980,1274751,1297442,763400,558956,1273219,762449,1223123,1477717,1344793,568192,2255641,863429,1429141,1143296,838979,333439,1119604,827755,1025852,1211596,319152,571814,2425676,2324465,473797,796108
01/04/2021 18:17:34,283032,1821688,6551240,330538,436419,678304,442108,2302890,1172548,372383,1250280,253314,6535303,553851,1278948,1305001,766139,561300,1288622,764944,1226447,1484041,1348878,570026,2258180,869515,1433795,1145055,842980,335102,1123501,831525,1032039,1218393,321643,577381,2449814,2369203,475723,804145
02/04/2021 00:19:47,284969,1833212,6598748,333146,439296,683370,445546,2319133,1184619,374516,1258853,253914,6568484,556445,1284533,1313633,769737,563954,1292300,768249,1231104,1492840,1354068,572283,2261415,876378,1439755,1147024,847589,337300,1128461,836447,1040009,1227413,324800,584436,2477663,2402366,478151,814267
02/04/2021 06:06:21,285678,1836150,6608437,334002,440235,685240,446694,2322606,1188042,375408,1261553,254084,6574998,557158,1286185,1316284,770784,564828,1292683,769445,1232395,1495015,1355809,573080,2262213,878324,1441267,1147653,849091,338034,1129964,837599,1042532,1229516,325800,586407,2483768,2416303,478866,817164
02/04/2021 12:06:35,286475,1840963,6634533,335114,442815,687855,448089,2329924,1194074,376259,1265849,254402,6592870,558188,1288872,1320885,772442,566087,1293201,770954,1234574,1499268,1358691,574128,2263877,881162,1444286,1148688,850803,338964,1132248,839960,1046163,1234301,327225,590055,2501898,2445692,480032,822032
02/04/2021 18:15:10,288089,1850229,6669625,337272,444826,692603,450996,2343520,1205007,378531,1273643,254936,6627350,560541,1293626,1328916,775635,568677,1295443,773812,1238402,1506347,1363512,576171,2266853,887002,1449772,1150596,854149,340988,1136283,843973,1052703,1242625,329747,596412,2528233,2497600,482163,831648
03/04/2021 00:13:21,290099,1860821,6706035,339923,447204,697913,454372,2359342,1216819,381559,1281925,255581,6660328,563257,1299002,1337816,779519,571528,1298521,777114,1243096,1514463,1368966,578639,2270177,893601,1456179,1152400,858298,343308,1140960,848579,1060316,1251527,332797,603534,2555785,2523635,484684,842435
03/04/2021 06:06:15,290785,1864023,6715523,340946,448021,699909,455629,2363564,1220708,382907,1284859,255840,6667731,564189,1300973,1341011,780861,572619,1299588,778420,1244582,1517014,1370827,579591,2271069,895358,1458233,1152989,860084,344224,1142486,849883,1063155,1254161,333917,605939,2562568,2536177,485497,846096
03/04/2021 12:10:24,291558,1868140,6738864,341980,448953,702380,456912,2371325,1226355,383925,1288849,256112,6683318,565235,1303533,1345468,782514,574050,1300999,779804,1246598,1520676,1373035,580605,2272757,897485,1460952,1153794,861618,345242,1144568,851837,1066333,1258689,335239,609318,2580239,2562344,486554,850943
03/04/2021 18:14:23,293374,1877183,6828034,344223,450846,707092,459624,2386291,1237157,386289,1296853,256654,6721168,567451,1308312,1353424,785746,576505,1303732,782619,1250367,1528401,1377505,582821,2275907,903151,1466109,1155352,865006,347289,1149092,855559,1072935,1266590,337819,615755,2608158,2619278,488902,860255
04/04/2021 00:13:57,295611,1888124,6909081,347032,453300,712503,463167,2403164,1249003,389337,1305464,257296,6756051,570359,1314057,1362342,789593,579358,1306923,785864,1255581,1536866,1382895,585345,2279399,909991,1472433,1157012,869372,349911,1154055,859816,1080797,1275197,341009,622859,2637036,2644962,491630,871106
04/04/2021 06:06:24,296241,1891207,6933251,347945,454041,714238,464338,2406531,1252211,390415,1308012,257493,6762422,571215,1315640,1364690,790767,580238,1307881,786968,1256889,1539110,1384587,586189,2280285,912065,1474121,1157475,870752,350639,1155397,860916,1083003,1277425,341934,624804,2643057,2656957,492388,874230
04/04/2021 12:06:15,297003,1895588,6998904,348978,454878,716625,465610,2414151,1257368,391325,1311590,257752,6776156,572221,1317920,1368297,792200,581363,1309192,788181,1258759,1543388,1386652,587106,2281755,914869,1476915,1158170,872368,351596,1157386,862769,1086162,1281395,343236,627883,2660201,2685761,493480,878966
04/04/2021 18:15:04,298672,1904412,7060019,350987,456557,721009,468405,2427653,1267321,393261,1318695,258204,6807617,574431,1322315,1375349,794968,583518,1311593,790665,1262385,1550384,1390820,588942,2284779,920694,1482528,1159433,875533,353582,1161319,866182,1092182,1288346,345775,633559,2685578,2773972,495492,888063
05/04/2021 00:14:43,300606,1917694,7111159,353478,458630,726114,472949,2442789,1278198,395770,1326755,258717,6839251,577139,1327248,1383210,798454,585995,1314328,793619,1266959,1558693,1395766,591278,2288128,931027,1488696,1160944,879492,355752,1166501,870110,1099494,1295892,348871,639697,2711148,2811843,497775,898547
05/04/2021 06:06:07,301173,1921391,7125020,354231,459210,727819,474283,2445761,1281446,396699,1329101,258876,6845150,577901,1328703,1385529,799454,586800,1315142,794642,1268185,1560806,1397316,592061,2288993,933744,1490334,1161413,880752,356424,1167843,871104,1101752,1297901,350030,641629,2717213,2827894,498292,901521
05/04/2021 12:06:41,301868,1928366,7156457,355137,460302,730128,475661,2451833,1286674,397444,1332670,259104,6860226,578872,1330809,1389997,800893,587864,1316258,795802,1269787,1564250,1399368,593042,2290418,937110,1492996,1162141,882170,357184,1169623,872665,1104664,1301493,351308,644545,2733859,2866412,499185,906207
05/04/2021 18:15:20,303295,1939809,7193590,356920,462102,734126,478462,2463545,1297517,399257,1339563,259524,6888462,580785,1334800,1397899,803731,589749,1318494,798242,1273125,1570289,1403649,594919,2293117,943880,1497556,1163446,885150,358856,1173180,875560,1110266,1307870,354430,649631,2757468,2934614,500914,914619
06/04/2021 00:14:09,304912,1952463,7228508,358982,463938,738538,481746,2476562,1308211,401332,1347011,259998,6914506,583120,1339420,1406377,806640,592169,1320872,800933,1276771,1577361,1408551,596918,2295990,950928,1502508,1164763,888476,360692,1177300,878670,1116632,1314358,357447,655192,2781828,2962350,502840,924286
06/04/2021 06:06:13,305390,1955304,7232165,359673,464591,739892,482758,2479450,1311056,402091,1349386,260124,6919638,583715,1340725,1408766,807515,592875,1321540,801732,1277735,1579211,1409859,597557,2296732,952670,1503795,1165195,889520,361288,1178389,879516,1118537,1315848,358359,656866,2787116,2972610,503315,926914
06/04/2021 12:06:32,305998,1960705,7271993,360524,465395,742049,483812,2486032,1316374,402742,1352789,260361,6933180,584447,1342834,1413697,808760,593800,1322677,802894,1279018,1582352,1411967,598364,2298078,955626,1506074,1165869,890805,362160,1180001,880925,1121259,1318898,359525,659649,2803627,3000230,504062,930869
06/04/2021 18:16:04,307214,1968408,7389194,362198,466889,746141,486158,2497517,1325730,404354,1359133,260790,6960195,586005,1346897,1420509,811247,595455,1324910,805085,1281629,1587943,1415897,599762,2300562,961049,1510311,1167069,894243,363706,1183402,883631,1126143,1324469,361858,664344,2826554,3061047,505651,938705
07/04/2021 00:13:31,308717,1978028,7456571,364199,468447,750782,488931,2510223,1336185,406534,1366236,261246,6986024,587920,1351868,1427867,814056,597811,1327396,807506,1284833,1594053,1420233,601718,2303238,967296,1515166,1168410,897916,365581,1187173,886859,1132018,1330800,364360,670024,2850665,3086708,507389,947902
07/04/2021 06:05:47,309259,1980754,7469137,364922,469119,752477,489892,2513727,1339348,407460,1368619,261440,6991868,588588,1353355,1430094,815047,598578,1328198,808503,1285805,1595701,1421601,602440,2304032,969126,1516679,1168883,899207,366264,1188320,887798,1134025,1332641,365261,671909,2856376,3097621,507907,950582
07/04/2021 12:06:36,309910,1984911,7499761,365897,469832,754549,490850,2520543,1344797,408212,1372087,261696,7005532,589367,1355496,1433836,816283,599481,1329320,809609,1287090,1598574,1423797,603276,2305295,972001,1518984,1169581,900612,367046,1189974,889376,1136715,1335812,366318,674732,2873471,3123231,508642,954745
07/04/2021 18:15:46,311114,1991951,7530805,367394,471080,757985,492934,2531531,1353402,409818,1378064,262051,7031870,590849,1358966,1439786,818447,601178,1331092,811621,1289756,1603674,1427525,604811,2307523,976845,1522661,1170608,903042,368328,1192984,891779,1141227,1340746,368168,679470,2894638,3179249,510115,962036
08/04/2021 00:15:45,312570,2001701,7567614,369324,472730,762232,495818,2544919,1363422,411645,1385142,262533,7057696,592826,1363264,1447347,821353,603178,1333362,814070,1293011,1609999,1432140,606672,2310113,982792,1527440,1171838,906128,370040,1196528,894806,1146911,1346548,370541,685031,2918183,3206570,511810,971088
08/04/2021 06:06:21,313058,2004819,7571418,369968,473208,763751,496791,2548128,1366216,412448,1387457,262681,7063184,593480,1364550,1449422,822231,603870,1333965,814864,1293939,1611685,1433561,607351,2310791,984330,1528663,1172257,907239,370541,1197645,895576,1148770,1348221,371412,686844,2923609,3215171,512362,973745
08/04/2021 12:09:34,313676,2008996,7595962,370742,473841,765733,497747,2554333,1371024,413120,1390810,262895,7076755,594213,1366437,1452985,823444,604793,1334943,815967,1295207,1614387,1435692,608102,2311967,987077,1530774,1172872,908439,371219,1199140,896911,1151074,1351049,372373,689386,2939271,3236835,513109,977430
08/04/2021 18:14:45,314786,2015724,7622525,372269,474945,769091,499649,2563904,1379165,414397,1396603,263249,7102442,595578,1369592,1458765,825512,606275,1336632,817774,1297925,1619045,1439018,609752,2314154,991674,1534103,1173951,910686,372250,1201984,898859,1155146,1355830,374115,693878,2962200,3285639,514249,983910
09/04/2021 00:13:47,316144,2023697,7651766,374096,476365,772830,502108,2575420,1388274,416134,1403042,263682,7126493,597320,1373346,1465236,828031,608075,1338603,820023,1301015,1624700,1442873,611467,2316552,997004,1538411,1175130,913472,373708,1205555,901339,1160445,1361386,376349,698915,2984264,3307387,515775,991944
09/04/2021 06:06:19,316697,2026406,7658002,374870,476984,774477,503184,2579153,1391561,417095,1405513,263864,7132946,598059,1374877,1467790,829120,608884,1339427,821051,1302086,1626487,1444478,612228,2317502,998803,1539898,1175576,914668,374357,1206897,902251,1162600,1363233,377240,700950,2990491,3314954,516363,995063
09/04/2021 12:06:45,317361,2029514,7672312,375706,477639,776488,504167,2584484,1396250,417775,1408999,264076,7146243,598853,1376852,1471268,830377,609739,1340479,822188,1303390,1629182,1446512,613068,2318678,1000990,1542021,1176308,915928,374844,1208657,903651,1165117,1366191,378107,703806,3006336,3328294,517128,998853
09/04/2021 18:07:55,318639,2036501,7699360,377299,478865,779979,506254,2594457,1404659,419295,1415277,264453,7169285,600333,1380854,1477429,832562,611294,1342379,824205,1306082,1634641,1450160,614669,2320851,1005777,1545899,1177463,918328,376284,1211983,906089,1169947,1371532,379813,709143,3026561,3370675,518539,1006188
10/04/2021 00:14:20,320189,2045103,7730507,379325,480563,784004,509059,2606698,1414203,421520,1422394,264928,7191585,602291,1386270,1484554,835392,613493,1344652,826765,1309808,1641253,1454639,616684,2323452,1011251,1551059,1178677,921572,378162,1217894,909047,1176227,1377884,382109,715293,3049681,3399671,520383,1015697
10/04/2021 06:06:13,320777,2047774,7735694,380269,481269,785748,510237,2610759,1417523,422521,1425116,265115,7197420,603053,1388478,1487247,836517,614391,1345528,827881,1311174,1643436,1456455,617624,2324399,1013246,1552897,1179164,923094,378922,1220000,910191,1179036,1380158,382807,717656,3054873,3409846,521092,1019127
10/04/2021 12:06:13,321456,2051139,7746121,381184,482033,787780,511403,2616665,1421973,423263,1428349,265305,7209615,603843,1391290,1490715,837755,615295,1346591,829005,1313037,1646457,1458530,618514,2325613,1015533,1555252,1179740,924480,379721,1222756,911706,1181944,1383370,383068,720565,3069563,3428721,521959,1023498
10/04/2021 18:13:05,322807,2058777,7771141,382912,483437,791310,513802,2626808,1430473,425020,1434698,265695,7233156,605561,1395546,1496998,840077,617069,1348590,831274,1316494,1651872,1462269,620215,2327906,1020209,1559455,1180811,927050,381218,1227158,914703,1188072,1388927,385027,725900,3091446,3471336,523565,1031532
11/04/2021 00:15:03,324543,2067211,7799386,385127,485427,795293,517011,2638722,1440180,427229,1441625,266210,7254866,607775,1400495,1504234,843026,619550,1350976,834087,1320701,1658187,1466840,622391,2330568,1025454,1564571,1181976,930652,383245,1232185,917986,1195142,1395099,387554,732406,3113683,3495323,525591,1040530
11/04/2021 06:05:55,325271,2070747,7807944,386050,486220,797017,518411,2642449,1443705,428257,1444317,266384,7260969,608699,1402450,1506893,844247,620543,1351868,835301,1322748,1660418,1468767,623341,2331601,1027454,1566424,1182456,932172,384088,1233969,919123,1197946,1397324,388574,734762,3119701,3507653,526361,1043840
11/04/2021 12:10:14,325926,2074236,7827669,386874,486997,798760,519629,2647603,1447885,428879,1447217,266576,7271051,609471,1404708,1509948,845362,621519,1352776,836336,1324549,1662960,1470549,624046,2332635,1029492,1568456,1183002,933371,384564,1235980,920536,1200534,1400048,389452,737477,3134286,3528024,527146,1047770
11/04/2021 18:13:00,327256,2081745,7855604,388428,489498,802117,522348,2657094,1455922,430454,1453341,266877,7292067,611405,1408775,1515938,847709,623431,1354716,838849,1327909,1667682,1474034,625654,2335217,1034110,1572169,1183955,935923,386093,1239874,922831,1205697,1405127,391395,742628,3155130,3574694,528693,1055631
12/04/2021 00:14:31,328604,2089331,7883843,390146,491669,805554,525175,2667072,1464105,432171,1459716,267249,7311406,613753,1412759,1521993,850213,625664,1356750,841088,1331078,1672644,1477759,627368,2337540,1038715,1576172,1185032,938733,387769,1243461,925243,1210908,1409830,393482,747500,3174926,3592822,530180,1063636
12/04/2021 06:06:14,329050,2091336,7888129,390684,492514,806813,526087,2669638,1466329,432820,1461675,267391,7315518,614330,1413995,1523860,851007,626330,1357436,841843,1331948,1673934,1478860,627941,2338187,1040069,1577261,1185326,939594,388296,1244460,925914,1212640,1411089,394166,749005,3179433,3599085,530666,1065743
12/04/2021 12:06:48,329625,2094492,7905049,391411,493382,808554,527029,2674713,1470481,433342,1464914,267559,7326185,615103,1415842,1526790,852078,627163,1358337,842776,1333088,1676300,1480571,628676,2339202,1042073,1579090,1185830,940701,388952,1246056,927084,1215059,1413292,395020,751449,3193237,3617590,531370,1069201
12/04/2021 18:14:21,330604,2100356,7920025,392644,494686,811580,528895,2682972,1477446,434365,1470164,267849,7344986,616542,1418856,1531729,854022,629025,1359914,844473,1335205,1680276,1483656,630024,2341097,1045709,1582176,1186743,942657,389942,1248772,928979,1219059,1417056,396456,755594,3211530,3655401,532489,1075586
13/04/2021 00:15:06,331702,2106801,7941186,394193,496020,814803,531156,2692348,1485065,435725,1475704,268204,7361969,618191,1422436,1537392,856164,631057,1361662,846363,1337634,1684744,1487050,631578,2343093,1049850,1585675,1187675,944975,391215,1251852,930954,1223742,1421322,398101,759985,3238737,3675054,533756,1082795
13/04/2021 06:06:09,332271,2109547,7947370,394946,496656,816304,532238,2695640,1488144,436461,1478087,268344,7367178,618891,1423844,1539528,857127,631958,1362438,847211,1338645,1686523,1488564,632260,2343930,1052005,1586996,1188027,946008,391820,1253197,931771,1225938,1423004,398901,761911,3255213,3681401,534369,1085609
13/04/2021 12:06:22,332814,2111976,7958254,395641,497287,817901,533114,2700549,1492125,436997,1480944,268508,7375689,619536,1425490,1542231,858126,632994,1363301,848096,1339728,1688762,1490198,632958,2344860,1054084,1588637,1188540,947242,392356,1254969,932824,1228335,1425054,399635,764166,3270478,3698146,535007,1088822
13/04/2021 18:14:32,333859,2118073,7976337,397001,498543,820902,535059,2708815,1499671,438257,1486191,268846,7394470,621012,1428671,1547581,860053,634843,1364883,849814,1342105,1692961,1493468,634334,2346792,1057819,1591829,1189358,949607,393624,1259202,934928,1232621,1429130,401190,768362,3289673,3737338,536268,1095394
14/04/2021 00:12:34,335069,2124815,7994977,398523,499849,824125,537235,2717748,1507537,439701,1491779,269330,7412931,622816,1432252,1553131,862715,636706,1366690,851637,1344822,1697335,1496927,635604,2348561,1061829,1595337,1190255,952255,394902,1263016,936986,1237386,1433590,402857,772668,3307629,3759798,537558,1102682
14/04/2021 06:05:50,335592,2126811,7999154,399202,500440,825423,538155,2720508,1510011,440388,1493747,269479,7417428,623479,1433411,1555008,863565,637438,1367511,852444,1345711,1698855,1498048,636455,2349568,1063126,1596322,1190518,953328,395540,1264251,937664,1239253,1434927,403538,774266,3312591,3765454,538074,1105069
14/04/2021 12:06:59,336116,2130133,8011816,399874,501229,826956,539098,2725188,1514124,440942,1496352,269658,7426947,624225,1435399,1557979,864885,638284,1368315,853250,1346974,1701072,1499781,637085,2350478,1065033,1597970,1190988,954624,396169,1266131,938764,1241507,1437112,404362,776586,3325448,3784693,538750,1108388
14/04/2021 18:11:55,337084,2135381,8023500,400839,502313,829535,540713,2732130,1520943,442006,1501441,269941,7444170,625466,1438588,1562857,866549,639794,1369693,854844,1348982,1704321,1502375,638325,2351987,1067910,1600464,1191678,956528,397151,1268838,940433,1245027,1440451,405627,780589,3342707,3825154,539742,1114060
15/04/2021 00:13:34,338463,2143795,8043662,402833,503987,832997,543584,2742426,1530586,443714,1508114,270391,7466377,627144,1442793,1569210,869448,641888,1371793,857026,1352085,1709391,1506593,640233,2354653,1072473,1604341,1192659,959373,398874,1273152,942892,1250473,1445559,408008,785902,3364669,3850594,541223,1122492
15/04/2021 06:06:17,338864,2145591,8046834,403344,504444,834065,544282,2744399,1532621,444359,1509897,270487,7469575,627732,1443853,1570630,870129,642526,1372398,857731,1352706,1710476,1507581,640773,2355161,1073465,1605165,1192904,960132,399218,1274004,943452,1252070,1446624,408657,787142,3368463,3855825,541672,1124314
15/04/2021 12:06:40,339405,2148854,8057766,404145,505247,835841,545235,2749207,1537023,444938,1513015,270682,7479830,628487,1445873,1573446,871186,643394,1373198,858658,1353878,1712781,1509459,641462,2356143,1075377,1606751,1193408,961298,399717,1275838,944589,1254375,1449103,409639,789552,3381492,3878201,542361,1128116
15/04/2021 18:13:52,340446,2154501,8078344,405499,506431,838651,547161,2756983,1544097,446283,1518232,270989,7497790,629882,1448878,1577983,872647,644803,1374669,860309,1355884,1716695,1512376,642759,2357897,1078498,1609657,1194073,963338,400756,1278964,946435,1258423,1453285,411136,793686,3398578,3921887,543493,1134791
16/04/2021 00:12:22,341847,2161592,8104728,407289,508337,842209,549661,2767229,1552669,448042,1524652,271386,7517238,632636,1452790,1583912,875221,646799,1376656,862520,1358926,1721647,1516134,644433,2359831,1082249,1613182,1194979,966167,402249,1283119,948684,1263849,1458619,413145,798901,3417894,3946852,545021,1142944
16/04/2021 06:05:55,342271,2163714,8110960,407991,509094,843439,550529,2769881,1555270,448915,1526601,271570,7521463,633350,1454077,1585503,876183,647494,1377272,863205,1359763,1722909,1517259,645282,2360557,1083587,1614473,1195310,967127,402808,1284197,949441,1265631,1460004,413937,800573,3422829,3953548,545431,1145403
16/04/2021 12:06:30,342809,2166941,8129890,408783,509856,844958,551413,2774752,1559688,449563,1529574,271766,7531413,634409,1455959,1588387,877354,648854,1377987,863996,1360932,1725075,1519221,645952,2361542,1085552,1616164,1195736,968329,403468,1285736,950540,1268114,1462546,414888,803277,3436306,3974175,546141,1149106
16/04/2021 18:14:26,343820,2172828,8157952,410229,510900,848044,553363,2783162,1567655,450908,1535173,272113,7551745,636402,1459069,1593336,879377,651314,1379662,866030,1363107,1729256,1522321,647261,2363467,1088882,1619180,1196367,970586,404576,1288827,952497,1272491,1466931,416533,808256,3454349,4015407,547385,1155963
17/04/2021 00:12:57,345364,2180498,8190480,412165,512555,851674,556031,2793785,1576990,452734,1541730,272574,7572020,638989,1463352,1599175,882145,655001,1381805,868384,1366440,1735139,1526853,649162,2365409,1093186,1623208,1197222,973738,406263,1292864,954932,1278364,1473193,418760,813491,3473260,4040354,548988,1164479
17/04/2021 06:05:48,346024,2183045,8198471,412906,513246,853164,557156,2796878,1579980,453594,1544099,272794,7576828,639836,1464987,1601155,883036,656221,1382552,869514,1367508,1737195,1528454,649913,2366326,1094725,1624926,1197546,975017,406937,1294225,955904,1280506,1474981,419639,815680,3478234,4049703,549576,1167294
17/04/2021 12:05:59,346663,2186253,8219229,413899,514055,854923,558185,2801888,1584231,454234,1547254,272959,7586370,640846,1466806,1603847,884290,657622,1383461,870676,1368944,1740320,1530423,650712,2367422,1096668,1626891,1197908,976216,407616,1295935,957035,1282929,1477877,420586,818315,3491091,4070434,550353,1171167
17/04/2021 18:11:25,347774,2192047,8239559,415340,515176,857426,560175,2809404,1591311,455408,1551951,273338,7604378,642307,1469775,1608182,886141,660193,1384947,872172,1370943,1744389,1533224,651930,2369222,1099984,1629653,1198609,978177,408776,1298748,958853,1286789,1482024,422317,822687,3507410,4110021,551523,1177172
18/04/2021 00:13:34,349650,2201004,8269467,417823,517282,861888,563425,2821367,1601797,457629,1559509,273855,7628040,645157,1474547,1615138,889318,664064,1387654,875290,1375037,1750984,1538398,654338,2371967,1105416,1634753,1199607,981754,410969,1304569,961755,1293280,1489147,425134,829129,3529988,4140231,553502,1187080
18/04/2021 06:05:42,350240,2203552,8274928,418751,517944,863397,564479,2824594,1605061,458440,1561864,274007,7633571,645934,1475849,1617139,890263,665383,1388461,876261,1376169,1752717,1540096,654991,2372779,1107186,1636215,1199935,982840,411594,1306125,962567,1295599,1490966,426054,831149,3535012,4148443,554140,1189913
18/04/2021 12:06:40,350868,2206936,8290264,419462,518610,864952,565540,2829062,1609069,459119,1564680,274161,7641978,646834,1477708,1619548,891468,667065,1389297,877309,1377605,1755130,1541914,655755,2373848,1109446,1637862,1200396,984010,412238,1307938,963655,1297780,1493636,427063,833699,3547501,4169226,554846,1193420
18/04/2021 18:17:14,352233,2213849,8312033,421063,519796,868168,567717,2837932,1617362,460558,1570127,274532,7662547,648644,1481079,1625219,893685,670256,1391183,879490,1380496,1759711,1545471,657417,2376213,1113903,1641647,1201231,986252,413634,1312096,965974,1302489,1498795,429171,839097,3566577,4227935,556279,1201021
19/04/2021 00:13:27,353348,2221268,8330174,422723,521356,871221,569911,2846196,1625008,462142,1575667,274916,7678284,650408,1484168,1630483,896029,673160,1393166,881452,1382994,1764327,1549188,659152,2378001,1118548,1644547,1201774,988459,414924,1315469,967789,1307331,1503352,431373,843683,3582242,4248537,557552,1208214
19/04/2021 06:05:49,353898,2223060,8334936,423219,521869,872178,570762,2848420,1627158,462887,1577200,275013,7681885,650855,1485174,1632090,896591,674114,1393662,882178,1383661,1765616,1550305,659675,2378602,1119848,1645692,1202154,989333,415456,1316482,968394,1308941,1505010,432079,845018,3586138,4255772,557921,1210333
19/04/2021 12:06:50,354497,2226517,8346897,423970,522402,873791,571580,2852637,1630996,463491,1580019,275204,7691943,651589,1486737,1634921,897522,675584,1394437,883082,1384820,1767935,1552280,660334,2380344,1122184,1647280,1202525,990358,415970,1318325,969360,1311464,1507653,433177,847185,3597259,4278576,558533,1214213
19/04/2021 18:12:18,355513,2232286,8364406,425325,523541,876355,573305,2859895,1638017,464684,1585055,275503,7709812,653081,1489559,1639663,899679,677981,1396004,884887,1386924,1771955,1555518,661818,2382505,1126207,1650347,1203269,992462,416947,1321344,971057,1315393,1512028,434838,851817,3613403,4334031,559667,1220789
20/04/2021 00:13:30,356668,2238468,8380874,426754,524636,879151,575232,2867769,1645220,466034,1589806,275861,7725627,654719,1492755,1644619,901951,680839,1397599,886716,1392550,1776160,1558732,663197,2384470,1130058,1653539,1203965,994433,418146,1324291,972931,1319851,1516516,436525,856234,3628503,4360046,560920,1227788
20/04/2021 06:06:49,357039,2240079,8385250,427269,525050,880027,576032,2869942,1647163,466632,1591801,275979,7729249,655335,1493694,1646198,902602,681754,1398091,887298,1393214,1777257,1559767,663723,2385144,1131345,1654775,1204207,995322,418580,1325126,973453,1321439,1517664,437327,857648,3632584,4369313,561342,1229770
20/04/2021 12:06:35,357557,2243453,8395331,427984,525529,882903,576880,2874111,1651001,467218,1594711,276131,7737427,656161,1495225,1648673,903647,683288,1398978,888189,1394411,1779344,1561345,664424,2386164,1133821,1656512,1204582,996385,419138,1326616,974366,1323541,1519872,438222,859715,3643273,4392799,561886,1232932
20/04/2021 18:13:52,358478,2249283,8411093,429109,526529,888176,578515,2880725,1657094,468179,1599225,276390,7752023,657356,1497751,1653182,905290,685500,1400466,889694,1396237,1782949,1564018,665405,2387837,1138184,1659018,1205212,998122,420098,1329076,975948,1326963,1523257,439562,863653,3658026,4441631,562955,1238594
21/04/2021 00:13:18,359726,2256497,8429532,430680,527751,893484,580826,2889474,1664279,469883,1605102,276707,7768723,659114,1501041,1658600,908010,688491,1402273,891606,1399009,1787351,1567253,666981,2390013,1143165,1661560,1205954,1000683,421252,1332019,977931,1331594,1527981,441440,868069,3674717,4476593,564327,1245781
21/04/2021 06:12:22,360145,2258424,8431346,431253,528203,895384,581618,2891930,1666417,470460,1606701,276876,7772319,659606,1501993,1660143,908836,689422,1402793,892265,1399666,1788521,1568204,667604,2390717,1144446,1663177,1206176,1001632,421716,1332955,978593,1332931,1529373,442047,869450,3678865,4486459,564753,1247773
21/04/2021 12:51:39,360745,2262532,8441761,432001,528873,898633,582657,2897161,1670607,471116,1609846,277016,7782224,660300,1503670,1663204,910229,691135,1403659,893116,1400873,1790799,1570230,668389,2391898,1147345,1664954,1206610,1002726,422248,1334531,979634,1335238,1531969,442960,871881,3690804,4515440,565476,1251561
21/04/2021 18:15:04,361652,2267494,8457070,433202,529612,900749,584351,2904019,1676358,472157,1614441,277215,7796223,661437,1505884,1667193,912045,693175,1404851,894803,1402698,1794416,1572858,669481,2393314,1150574,1667436,1207197,1004545,423237,1336702,981222,1338518,1535704,444276,875420,3704440,4559443,566513,1257123
22/04/2021 00:13:52,362887,2274284,8474024,434724,530969,904655,587499,2912499,1683676,473671,1619720,277579,7811120,663253,1509328,1672195,914507,695733,1406490,896705,1405084,1798636,1576113,670827,2395451,1154898,1670686,1207928,1006834,424303,1339420,982971,1342376,1540013,445966,879608,3719555,4586306,567761,1264107
22/04/2021 06:06:11,363250,2276280,8478909,435218,531406,906038,588480,2914924,1685775,474280,1621221,277688,7814277,663745,1510356,1673625,915213,696530,1407099,897373,1405766,1799772,1577141,671392,2395961,1156038,1671619,1208208,1007578,424705,1340203,983532,1344098,1541411,446488,880905,3723567,4591393,568180,1265971
22/04/2021 12:07:11,363822,2278937,8487405,435845,531973,908006,589603,2919503,1689601,474666,1624122,277852,7822329,664547,1511965,1676254,916251,697701,1407812,898342,1406805,1801825,1578773,671964,2396746,1158096,1673371,1208644,1008670,425115,1341532,984497,1346045,1543644,447098,882876,3733930,4616417,568744,1269341
22/04/2021 18:14:43,364945,2284615,8503297,437253,533073,910865,592221,2927578,1696887,476105,1629460,278181,7838207,666359,1514990,1680709,918555,699904,1409201,900097,1408837,1805777,1581847,673454,2398715,1161782,1676273,1209423,1010787,426209,1344074,986308,1349762,1548043,448480,886897,3749459,4664525,570030,1275953
23/04/2021 00:13:24,366180,2291793,8518238,438934,534243,914120,595350,2935797,1704069,477622,1634489,278532,7852623,668595,1518124,1685339,920568,702238,1411024,902287,1411234,1809972,1585195,674914,2400700,1165904,1679556,1210188,1013223,427429,1346717,988223,1353783,1552504,450048,891245,3763336,4688831,571386,1282692
23/04/2021 06:06:07,366595,2293368,8521070,439404,534696,915024,596078,2937649,1705795,478170,1635999,278648,7855185,669064,1518921,1686489,921552,702996,1411438,902884,1411845,1810982,1586162,675362,2401173,1166937,1680395,1210399,1013884,427769,1347415,988658,1354961,1553542,450543,892484,3766786,4695405,571718,1284279
23/04/2021 12:06:36,367170,2296648,8530977,440157,535244,916579,597350,2942176,1709736,478848,1638754,278817,7862969,669996,1520646,1688876,922666,704040,1412234,903944,1412879,1812952,1587926,676055,2402233,1168933,1682137,1210774,1015081,428320,1348729,989631,1356839,1555934,451216,894550,3776807,4715349,572352,1287554
23/04/2021 18:14:37,368257,2302110,8548687,441707,536216,919684,600371,2951109,1717039,480104,1644037,279169,7878674,671650,1523695,1693449,924687,706248,1413843,905739,1415092,1817197,1591217,677429,2404103,1172318,1685341,1211538,1017343,429375,1351287,991457,1360589,1560367,452664,898599,3792232,4759076,573474,1294340
24/04/2021 00:14:04,369676,2308370,8568536,443573,537785,923014,603688,2960997,1724661,481922,1649727,279525,7893662,673950,1527045,1698501,927297,708727,1415148,907850,1418343,1821871,1594872,679012,2406084,1176272,1688971,1212295,1020176,430805,1354225,993665,1365257,1565332,454445,902772,3806994,4785689,574910,1302330
24/04/2021 06:05:50,370195,2310518,8572730,444262,538336,924322,604874,2963651,1727135,482556,1651708,279672,7897435,674547,1528459,1700012,928189,709585,1416136,908830,1419153,1823358,1596238,679581,2406768,1177729,1690255,1212616,1021354,431245,1355217,994380,1367021,1566762,455081,904352,3811102,4795006,575433,1304670
24/04/2021 12:06:22,370799,2313836,8586044,445009,538827,925971,606356,2968526,1730981,483218,1654681,279862,7905893,675555,1530092,1702491,929258,710589,1416905,909797,1420672,1825663,1597937,680221,2407779,1179645,1692135,1213010,1022430,431806,1356626,995462,1369354,1569575,455869,906628,3821744,4808079,576081,1308653
24/04/2021 18:14:00,371732,2318651,8601174,446271,539911,928349,608850,2975319,1737578,484293,1659236,280129,7919194,676865,1532676,1706251,930998,712537,1418183,911376,1422569,1829137,1600573,681413,2409164,1182672,1694900,1213563,1024297,432779,1358840,997043,1373228,1573467,457086,910206,3834974,4836812,577073,1314606
25/04/2021 00:14:26,373531,2326553,8626232,448584,541752,932372,612886,2986362,1747893,486326,1665746,280554,7936268,679286,1537096,1712185,934002,715969,1420431,913964,1426179,1835121,1605751,683179,2411359,1187544,1699401,1214474,1027918,434624,1362602,999719,1379758,1580014,459508,915884,3853547,4857472,579000,1325876
25/04/2021 06:06:11,374160,2329206,8632631,449748,542325,933213,614313,2989921,1751216,487363,1668502,280738,7940667,680426,1538570,1714339,935285,717019,1421311,915140,1427520,1836914,1607932,684019,2412140,1189251,1701613,1214907,1029258,435309,1363655,1000711,1382008,1581986,460295,917941,3858963,4862752,579650,1330305
25/04/2021 12:06:19,374795,2331744,8645186,450504,542981,933522,615632,2994160,1754921,487959,1670907,280877,7947495,681109,1540205,1716480,936283,718184,1422004,916101,1428739,1838988,1609648,684600,2413020,1190832,1703371,1215233,1030257,435899,1364931,1001585,1383992,1584173,461039,919970,3869119,4867224,580281,1334604